id,name,first_air_date,actors,genres,vote_average,poster_path,overview,ubicacion
121481,100 Foot Wave,2021-07-18,Garrett McNamara,"Documental,Reality",7.55,/ubwVtWy86MmIEGpOOlzSdyUB4dn.jpg,"Serie documental de seis partes que captura íntimamente la odisea durante una década del pionero del surf Garrett McNamara, quien, después de visitar Nazaré (Portugal) con la esperanza de conquistar una ola de 30 metros, llevó el deporte a alturas cada vez mayores y, junto con los lugareños, ayudó a transformar el pequeño pueblo de pescadores en el principal destino de surf de olas grandes del mundo.",JO
4613,Band of Brothers,2001-09-09,"Michael Cudlitz, Rick Gomez, Scott Grimes, Damian Lewis, Ron Livingston","Drama,War & Politics",8.587,/8JMXquNmdMUy2n2RgW8gfOM0O3l.jpg,"Miniserie de TV de 10 episodios que se basa en el bestseller de Stephen E. Ambrose ""Band Of Brothers"". Narra la historia de la Easy Company, un batallón americano del regimiento 506 de paracaidistas que luchó en Europa durante la II Guerra Mundial (1939-1945). Incluye entrevistas a los supervivientes, recuerdos de los periodistas y cartas de los soldados.",J
64464,11.22.63,2016-02-15,"James Franco, Sarah Gadon, Chris Cooper, Daniel Webber, Lucy Fry","Drama,Sci-Fi & Fantasy",7.75,/1fH41ccMKvgDTbbcCxWWH6fznah.jpg,"El profesor de secundaria Jake Epping viaja en el tiempo para evitar el asesinato del presidente John F. Kennedy - pero su misión se ve amenazada por Lee Harvey Oswald, el amor, y el pasado en sí, que no quiere ser cambiado y no debería de serlo.",P
118357,1883,2021-12-19,"Sam Elliott, Tim McGraw, Faith Hill, Isabel May, LaMonica Garrett","Drama,Western",8.259,/waLbm384SQDwLTCn6ttPqQS5kfV.jpg,"Precuela de la serie 'Yellowstone', que sigue la historia de la familia Dutton en un viaje hacia el oeste a través de las Grandes Llanuras, para ir hacia el último bastión de la indómita América, durante el año 1883.",M
90669,1899,2022-11-17,"Emily Beecham, Andreas Pietschmann, Aneurin Barnard, Isabella Wei, Maciej Musiał","Misterio,Drama",7.485,/qmpUDEgZawIlDU5HP3IJ9HjnpI3.jpg,"En 1899, cuando unos misteriosos sucesos cambian el rumbo de un barco de inmigrantes en ruta a Nueva York, sus pasajeros se ven arrastrados a un enigma desconcertante.",N
5027,Baa Baa Black Sheep,1976-09-21,"Robert Conrad, Simon Oakland, Dana Elcar, Dirk Blocker, W.K. Stratton","Action & Adventure,Drama,War & Politics",7.57,/u4VN9UMiUfPVgIvtubGQyfrZ581.jpg,"Serie de TV de 37 episodios (1976-1978). El mayor Gregory Boyington (apodado ""Pappy"" por su edad) se dedica a defender a un grupo de militares que tienen pendiente algún juicio por cargos como desobediencia, indisciplina o beber durante el servicio. Este grupo de inadaptados acabó siendo uno de los mejores escuadrones de combate durante la Segunda Guerra Mundial (1939-1945). La serie se basa en la novela autobiográfica del propio Boyington.",M
157744,1923,2022-12-18,"Helen Mirren, Harrison Ford, Brandon Sklenar, Julia Schlaepfer, Jerome Flynn","Drama,Western",8.217,/zgZRJZvZn5cpsWAB0zMUdad3iZd.jpg,"Sigue a una nueva generación de la familia Dutton a principios del siglo XX cuando las pandemias, la sequía histórica, el fin de la Prohibición y la Gran Depresión plagan el oeste montañoso y los Dutton que lo llaman hogar.",NP
108545,3 Body Problem,2024-03-21,"Jovan Adepo, Rosalind Chao, Liam Cunningham, Eiza González, Jess Hong","Sci-Fi & Fantasy,Misterio,Drama",7.454,/ykZ7hlShkdRQaL2aiieXdEMmrLb.jpg,"Una decisión tomada en China en los años 60 trasciende el tiempo y el espacio, obligando a unos científicos a afrontar la peor amenaza para la humanidad en el presente.",O
68467,3%,2016-11-25,"Bianca Comparato, Vaneza Oliveira, Rodolfo Valente, Rafael Lozano","Drama,Sci-Fi & Fantasy",7.078,/w9ixRllvnzpiDzu2r0e60U4aS8h.jpg,"La élite del futuro reside en una isla paradisíaca, lejos de las barriadas superpobladas. Sólo el 3% de los jóvenes llega a la isla: los que superan el Proceso.",J
89844,30 Coins,2020-11-29,"Eduard Fernández, Megan Montaner, Miguel Ángel Silvestre, Macarena Gómez, Pepón Nieto","Crimen,Misterio,Drama",7.239,/vHnRqCNztlfnNXQHvqKpX6jnAKV.jpg,"En un mundo donde nada es lo que parece, Vergara, Paco y Elena librarán una batalla por el control de las treinta monedas por las que Judas traicionó a Jesús.",J
79299,A Very English Scandal,2018-05-20,"Hugh Grant, Ben Whishaw, Alex Jennings, Monica Dolan, Jonathan Hyde",Drama,7.1,/xQU99bLRjTegRSGScLDVqpcx5QV.jpg,"Estamos a finales de la década de 1960, la homosexualidad acaba de ser legalizada y Jeremy Thorpe, el líder del Partido Liberal, tiene un secreto que está desesperado por ocultar.",K
77236,A Discovery of Witches,2018-09-14,"Teresa Palmer, Matthew Goode, Edward Bluemel, Malin Buska, Alex Kingston","Sci-Fi & Fantasy,Drama",7.835,/l7MUpFAE8UEWYnO2Uv7SFtdZ2OJ.jpg,"Diana Bishop es una académica brillante que huye de su condición de bruja, pero que tras descubrir un antiguo manuscrito de alquimia en la Biblioteca Bodleian de Oxford se convierte en la protagonista de un peligroso misterio.  En el camino se encontrará con el enigmático genetista Matthew Clairmont quien también tiene un oscuro secreto familiar: es un vampiro.",J
224372,A Knight of the Seven Kingdoms,2026-01-18,"Peter Claffey, Dexter Sol Ansell","Drama,Sci-Fi & Fantasy,Action & Adventure",8.48,/k8yARbD9iYn2nRX2HvsopfKDN2r.jpg,"Un siglo antes de los acontecimientos de ""Juego de Tronos"", dos héroes improbables vagaban por Poniente: un joven e ingenuo, pero valiente caballero, Ser Duncan el Alto, y su pequeño escudero, Egg. Ambientada en una época en la que el linaje Targaryen aún ostenta el Trono de Hierro y el recuerdo del último dragón aún no ha desaparecido de la memoria viva, grandes destinos, poderosos enemigos y peligrosas hazañas aguardan a estos improbables e incomparables amigos.",P
245312,A Man on the Inside,2024-11-21,"Ted Danson, Mary Elizabeth Ellis, Lilah Richcreek Estrada, Mary Steenburgen","Comedia,Crimen",7.466,/c09XdTLpLku2tqHt158NZBgC4hi.jpg,Un exprofesor especializado en fisgonear recibe una nueva oportunidad en la vida cuando una detective privada lo contrata para infiltrarse y resolver un caso.,O
157160,A Small Light,2023-05-01,"Bel Powley, Joe Cole, Liev Schreiber, Amira Casar, Billie Boullet","Drama,War & Politics",7.903,/ksDDvTxUp07yu8FdOAXwJeyTilu.jpg,"“Una pequeña luz: protegiendo a Ana Frank” narra la historia de Miep Gies, la secretaria de Otto Frank. Con la ayuda de la resistencia holandesa, Miep y su marido protegieron a los Frank y a muchos otros de los nazis durante la Segunda Guerra Mundial. Quizá conozca la historia de Ana Frank y su vida en la Casa de atrás. Esto es lo que ocurrió al otro lado de la estantería.",N
158296,Smother-in-Law,2022-04-13,,Comedia,5.8,/p5gdZUmXHEhapJBuSn7Dov650kl.jpg,"La suegra que te parió es una serie comedia brasileña que comienza al principio de la pandemia provocada por el covid-19. Doña Isadir tiene algo de miedo ante esta desconocida y preocupante situación, y decide alquilar su piso para irse a vivir más cerca de su hijo, Carlos. Tan cerca, que su nuevo alojamiento será la casa de su primogénito.Carlos parece estar encantado con la llegada de su madre, pero no lo está tanto su mujer, Alice, quien ha emprendido una batalla interna para librarse lo antes posible de su suegra. Esto pone a la familia en un momento controvertido del que serán testigos sus nietos, Jonas y Márcia, e, incluso, los viejos amigos del matrimonio.",N
138624,A Spy Among Friends,2022-12-08,"Guy Pearce, Damian Lewis, Anna Maxwell Martin, Stephen Kunken, Adrian Edmondson","War & Politics,Drama",6.521,/jWB27W5tuNiRBJbVIbxI68q0buP.jpg,"La serie sigue la deserción del notorio oficial de inteligencia británico y agente doble de la KGB, Kim Philby, a través de la lente de su compleja relación con el colega del MI6 y amigo cercano, Nicholas Elliott. El programa examina el espionaje a través de su amistad, cuyas consecuencias afectan las relaciones Este-Oeste hasta el día de hoy.",N
208851,A Thousand Blows,2025-02-21,"Malachi Kirby, Erin Doherty, Stephen Graham, Caoilfhionn Dunne, Morgan Hilaire",Drama,6.6,/598wQ3wr0fxpGemkR7ZVFTuHPXg.jpg,"Hezekiah y Alec, dos amigos de Jamaica, se ven inmersos en los bajos fondos del East End de Londres. Allí, conocen a Mary Carr, reina de una banda criminal formada íntegramente por mujeres conocida como las Cuarenta Elefantas, y se topan con Sugar Goodson, capo criminal y famoso boxeador.",P
139064,A Very British Scandal,2021-12-26,"Claire Foy, Paul Bettany, Julia Davis, Richard McCabe",Drama,6.7,/2U8TEauIfAI3KQ1dTnHfzy0U2xU.jpg,"Sexo, secretos y sospechas: la verdadera historia de una duquesa avergonzada públicamente en un divorcio de la alta sociedad que se apoderó de la nación.",J
7406,All Creatures Great and Small,1978-01-08,"Lynda Bellingham, Robert Hardy, Christopher Timothy, Carol Drinkwater, Peter Davison","Comedia,Drama",7.739,/inl6wqdRPoLEDXttC33x9PBoMbN.jpg,Aventuras y desventuras de los trabajadores de una oficina veterinaria en la década de los años 40 en Yorkshire.,JN
